{"warmup0.01": {"validation": [[0.8486888172781084, 0.8927213221468826], [0.8255782125174864, 0.8776663503161575], [0.861178907299597, 0.9039519406826261], [0.8619345506169723, 0.903232569836548], [0.8580375120194471, 0.8966923652149409], [0.852564536775063, 0.8851055703154304], [0.8327974793887055, 0.8610078252799296], [0.8961188567306969, 0.91737310280716], [0.8664697057111278, 0.891688108700317], [0.845337057905116, 0.8803770266013828], [0.8309582309582311, 0.8894305944938857], [0.8749644700625967, 0.9109917580659685], [0.791096968501687, 0.8609169093673678], [0.8721374631094115, 0.9085421862470048], [0.8455316894341286, 0.8899868381189778], [0.8585043933170606, 0.8980443874940766], [0.8549188395558578, 0.9023411740394406], [0.8506887828921728, 0.8977274824732453], [0.8379657114399613, 0.895843258834419], [0.8461135355872198, 0.8983790471132244]], "test": [[0.8500988998698048, 0.8825484680738247], [0.839265623782329, 0.8759689056371627], [0.8238559195903538, 0.8622672345832741], [0.8369466308242922, 0.8780109741979326], [0.8334261560053609, 0.8722217341749359], [0.8114922183377318, 0.8945268407046222], [0.832486155607667, 0.8867095168082716], [0.8429793705721345, 0.872670135071204], [0.8398490934651118, 0.8729547716809756], [0.8699741030783863, 0.8930162540580339], [0.8413884752213122, 0.8816008183096791], [0.8459409534071151, 0.8984374078889014], [0.8107942207285136, 0.8761235031345396], [0.8206093899743786, 0.8624536748106543], [0.8459391531184846, 0.8874592203214571], [0.8364820180754667, 0.8838212121821213], [0.8209014038949878, 0.871832675644627], [0.8411830242426911, 0.8777913545836764], [0.8522498188336893, 0.8862733416243488], [0.8517790732329074, 0.8874058444906515]], "test_clf1": []}}