{"warmup0.01": {"validation": [[0.8642923253466432, 0.9040687407266131], [0.8557508583370651, 0.8846722352287608], [0.8844511803273035, 0.9171666118177387], [0.8891360109145561, 0.906103165829346], [0.8632931716692949, 0.9049727929783502], [0.8445899692881826, 0.8743926449263565], [0.8565928286373442, 0.8982599409137656], [0.8341851734265956, 0.8839080281354263], [0.8656153151696445, 0.9083484026522002], [0.8410059147720704, 0.8856958526183117], [0.8373170688960162, 0.8990108270587952], [0.8784982883109557, 0.9081476031769058], [0.8359862463262556, 0.872945396947095], [0.8808419936146049, 0.9050847281324903], [0.8426108769033483, 0.8785366872312982], [0.86699371089615, 0.9041371307502831], [0.8499040393777236, 0.8971938484596713], [0.8590900195078851, 0.897222334350316], [0.7920739750679212, 0.8506742462769579], [0.8293597075934276, 0.8888539277206721], [0.8771089284678587, 0.9164612507059073], [0.8326966173336356, 0.8955901191871198], [0.8648686629630369, 0.9026370108866836], [0.8667057989091886, 0.9049778441539867], [0.8461571418665241, 0.8897415682348917], [0.845964123544486, 0.8841901353879694], [0.8542067542067543, 0.8912476849185712], [0.8738554475062057, 0.9050268457852668], [0.8556150942209232, 0.9034557607007516], [0.8968601100020187, 0.9176400605828661]], "test": [[0.8725958887190545, 0.9022760619399274], [0.8548349710254474, 0.9084126220634156], [0.806000795330582, 0.8613873880302172], [0.8493381374491733, 0.8783989825272767], [0.8644851516957949, 0.8834290553915414], [0.8386725989858058, 0.8826574598579131], [0.8402801700896635, 0.8903562930407807], [0.8207658713312234, 0.8638235679358306], [0.8561866695148269, 0.8907555707590213], [0.8149958966950699, 0.8531516791663438], [0.8491707685453104, 0.8871649463454774], [0.8474626583635113, 0.8778487826106873], [0.8353647297579783, 0.885808181371018], [0.8624055343575662, 0.8986334519292347], [0.8279108164102266, 0.8576161558782996], [0.8568663612303583, 0.8835305026323965], [0.8445436825433769, 0.8678967339786053], [0.8810161804869517, 0.9081533390443964], [0.8220298822301325, 0.8822312216213685], [0.8509509655457093, 0.8837882146654265], [0.8353490813659089, 0.8871712636500545], [0.8427749363868591, 0.8625243017431211], [0.8097150556128884, 0.8701173239098936], [0.8751366669016302, 0.9027506557603009], [0.8362430143596106, 0.8931561021352521], [0.8231369565782147, 0.880294064382871], [0.8269438180213747, 0.8687878886918007], [0.8549011883107992, 0.883257220785825], [0.8220377007590045, 0.8714461431394227], [0.8519062326712897, 0.898199497494126]], "test_clf1": []}}