{"warmup0.01": {"validation": [[0.8514556981327721, 0.8980196125122107], [0.8741203982311004, 0.9105755556915436], [0.8277857020781734, 0.8738355655681512], [0.8160524738914571, 0.8700431693029846], [0.8706906149768473, 0.9221669843316553], [0.8693764480915543, 0.8993367891338075], [0.876612068519381, 0.9090297225645046], [0.8731934001670844, 0.9103375527426161], [0.836541696858052, 0.8879019440976345], [0.8560646578046135, 0.8817525404493157], [0.8371778407172977, 0.8955081567942588], [0.8683357578094419, 0.9051301019655452], [0.8392277595667426, 0.884065337122621], [0.8617708030611255, 0.9034204910154279], [0.8687465568884655, 0.9095965218431248], [0.868993180047498, 0.9039794839917868], [0.8540644289141186, 0.8977860519807598], [0.8434429684429684, 0.8960413887629078], [0.8613801363801364, 0.8977622673825206], [0.8557090079447803, 0.8919486862833577], [0.867328924762553, 0.9107089083576144], [0.8806539480678767, 0.9097039431188734], [0.8539210944695993, 0.8915739023465247], [0.8491275723426615, 0.8904943314114786], [0.8739693134429976, 0.9048982492020468], [0.802658516899939, 0.86996704717246], [0.8588646358557863, 0.9079073721170731], [0.8670568383698969, 0.904814348648484], [0.7907489030723948, 0.8560679447730357], [0.871614509545544, 0.8974034015500624], [0.8556609386938124, 0.8913843121636724], [0.8554976008365841, 0.8918260363390165], [0.8389491111525009, 0.8898251487481266], [0.8555346700083541, 0.896955997588909], [0.8568456517997802, 0.8919134189079608], [0.8801212953209324, 0.9101626353843267], [0.8617752352494851, 0.9030765318904768], [0.8721194232252522, 0.8983390419764379], [0.8895130809779156, 0.9229542450753386], [0.8374332760391048, 0.8921661009933705], [0.8505794920949187, 0.8960802043798438], [0.8701532407756596, 0.8979957643022484], [0.7800441751508961, 0.8491833558809715], [0.8535063787121274, 0.8906786787200941], [0.8694269937035543, 0.9105752620700215], [0.8609287509518796, 0.8920347670874655], [0.8697778981279786, 0.9146519055113264], [0.8775396714598166, 0.9103146090051373], [0.859768145918904, 0.8983662068461468], [0.8541184284047798, 0.8917152735700259]], "test": [[0.8325241838739262, 0.8729825442550168], [0.8606266478519665, 0.8983913173239735], [0.8530204520220691, 0.884240657531331], [0.8419665363666216, 0.8821126400071854], [0.8567595465706059, 0.8878199799869652], [0.8480218779097418, 0.8985414016371995], [0.8145509044442091, 0.8758431060606748], [0.8480646697688036, 0.8979510820864297], [0.8623504177886988, 0.8830631884227285], [0.8723168214654282, 0.9028856678237482], [0.8334505652983005, 0.872301072511744], [0.8525820724651133, 0.8735970116087075], [0.8680885636584236, 0.8885950008125952], [0.8632144863275091, 0.8835603740618045], [0.8275737831364429, 0.8625794081356741], [0.8539469001926112, 0.8820337223524614], [0.835000552641627, 0.8628767858850152], [0.8356026255435104, 0.8730007712206707], [0.846448851597593, 0.8829159892851731], [0.8355562431971375, 0.8883815016424289], [0.848061442781185, 0.8827491735438018], [0.8357919254658385, 0.8714888628426177], [0.834122232312835, 0.8774375486725801], [0.8374165205207587, 0.8765422782292511], [0.8668419657962861, 0.898679820895928], [0.8421476385357608, 0.8873113428171961], [0.8486581360232881, 0.897157136205845], [0.8539567434812393, 0.8782488332134785], [0.7937126365697794, 0.8770194211752652], [0.866938655678922, 0.898691837935043], [0.8396754366952419, 0.8789661726575764], [0.8290824710719428, 0.8718596612920639], [0.8362695027138282, 0.8782130177572994], [0.8769562208380773, 0.898777879931185], [0.8654993190562736, 0.8932504466111585], [0.8436588036425358, 0.8775429149551006], [0.8466929085118903, 0.8826078011379647], [0.8562802688142788, 0.8829680394850173], [0.8299375004848163, 0.8770870127812979], [0.848718240823504, 0.8832056035405317], [0.8602821396227736, 0.8883895807371992], [0.81720655922601, 0.8625838861536803], [0.8540850155745057, 0.8927969243036108], [0.8635010897084409, 0.8940964172181185], [0.8563475884092822, 0.8879128173901973], [0.8324381655424037, 0.876962060467215], [0.8253100083696753, 0.8729813497736716], [0.8391362639454387, 0.888335386999135], [0.8502859671141013, 0.886849177559816], [0.8714612114020963, 0.8838670093596359]], "test_clf1": []}}