{"warmup0.01": {"validation": [[0.8784449244060476, 0.8784217143225559], [0.8656716417910447, 0.8656716417910447], [0.8613971674736867, 0.861379523985474], [0.8784559776307714, 0.8784714496127425], [0.8678032369521731, 0.8678074439586031], [0.8548621982742929, 0.8547929156779182], [0.8507401614897796, 0.8507259114335937], [0.8784294465135949, 0.8784603972321098], [0.8656691989798007, 0.8656777488191554], [0.8698768767539491, 0.8698354666011165]], "test": [[0.8958531817135598, 0.8958926087493354], [0.889052328036934, 0.8890814060998022], [0.887351018838908, 0.8873772623551193], [0.8855905656363736, 0.8856405412189505], [0.8906818393806548, 0.8907391413553764], [0.8856572045979421, 0.8856738534225356], [0.88560923237391, 0.8856525374787783], [0.8975345340094423, 0.8975822761921074], [0.8924385319336765, 0.8924792516591497], [0.8975918353080983, 0.8976156930501085]], "test_clf1": [[0.8958531817135598, 0.8958926087493354], [0.889052328036934, 0.8890814060998022], [0.887351018838908, 0.8873772623551193], [0.8855905656363736, 0.8856405412189505], [0.8906818393806548, 0.8907391413553764], [0.8856572045979421, 0.8856738534225356], [0.88560923237391, 0.8856525374787783], [0.8975345340094423, 0.8975822761921074], [0.8924385319336765, 0.8924792516591497], [0.8975918353080983, 0.8976156930501085]]}, "warmup0.04": {"validation": [[0.863523934235414, 0.8635022182843965], [0.8635388252409528, 0.8635431679572677], [0.8613669126909417, 0.8613316180119336], [0.8826758724830689, 0.8827132095061148], [0.8742004264392325, 0.8742004264392325], [0.8549572494087684, 0.8549157070749581], [0.8571012792352783, 0.8570648985661469], [0.8571324649344154, 0.8571142785696424], [0.8677551391668182, 0.8677930160005864], [0.8805964720858337, 0.8805926722090583]], "test": [[0.8940980319000094, 0.8941535431880209], [0.8924209796282321, 0.8924679715939385], [0.8924836401443337, 0.89249929500925], [0.8804569563443492, 0.8805126555574585], [0.885545206757328, 0.88560853425886], [0.8753449446485864, 0.8753993956564685], [0.889052328036934, 0.8890814060998022], [0.8924661025588745, 0.892494285912116], [0.8872656468613003, 0.8873247395227319], [0.8940980319000094, 0.8941535431880209]], "test_clf1": [[0.8940980319000094, 0.8941535431880209], [0.8924209796282321, 0.8924679715939385], [0.8924836401443337, 0.89249929500925], [0.8804569563443492, 0.8805126555574585], [0.885545206757328, 0.88560853425886], [0.8753449446485864, 0.8753993956564685], [0.889052328036934, 0.8890814060998022], [0.8924661025588745, 0.892494285912116], [0.8872656468613003, 0.8873247395227319], [0.8940980319000094, 0.8941535431880209]]}, "warmup0.07": {"validation": [[0.8463973799126638, 0.846343609463599], [0.8826950799692583, 0.8827249446976498], [0.8848566960064015, 0.8848676889068877], [0.8805964720858338, 0.8806002719626093], [0.878462608600772, 0.8784703441697118], [0.8677984287480907, 0.8678110502264266], [0.8699265725522289, 0.8699100148171373], [0.8614047291061435, 0.8613959078433172], [0.8592436974789917, 0.8592123416530792], [0.8571012792352783, 0.8570648985661469]], "test": [[0.8992936516027554, 0.8993200455367434], [0.8958531817135598, 0.8958926087493354], [0.8907391653945207, 0.8907773466783814], [0.8992936516027554, 0.8993200455367434], [0.8924886498324048, 0.8924980423136949], [0.8958895810943448, 0.8959108036168069], [0.88560923237391, 0.8856525374787783], [0.895901708567884, 0.8959108028751647], [0.8873076923076924, 0.8873536361249671], [0.8856625323614464, 0.8856725211907548]], "test_clf1": [[0.8992936516027554, 0.8993200455367434], [0.8958531817135598, 0.8958926087493354], [0.8907391653945207, 0.8907773466783814], [0.8992936516027554, 0.8993200455367434], [0.8924886498324048, 0.8924980423136949], [0.8958895810943448, 0.8959108036168069], [0.88560923237391, 0.8856525374787783], [0.895901708567884, 0.8959108028751647], [0.8873076923076924, 0.8873536361249671], [0.8856625323614464, 0.8856725211907548]]}, "warmup0.1": {"validation": [[0.8677984287480904, 0.8677858072697544], [0.8763275623772459, 0.8763157551878347], [0.8550100018185125, 0.8550146159545969], [0.8571012792352783, 0.8570648985661469], [0.8677743824802648, 0.8678038379530917], [0.8678032369521731, 0.8678074439586031], [0.8848566960064015, 0.8848676889068877], [0.8698981796022683, 0.8699313023010298], [0.8400736547773308, 0.8400532969063162], [0.8656716417910447, 0.8656716417910447]], "test": [[0.8821533807237976, 0.8822117213138945], [0.8873247643130995, 0.8873641387620809], [0.8839252423564504, 0.8839590443686007], [0.8873076923076924, 0.8873536361249671], [0.887213045912654, 0.8872853039759374], [0.8992819168305295, 0.8993141798421799], [0.8838494543419457, 0.8839103376900873], [0.895816756871763, 0.895868333335472], [0.8890781752791974, 0.8890814054223768], [0.8873392058165548, 0.8873720136518771]], "test_clf1": [[0.8821533807237976, 0.8822117213138945], [0.8873247643130995, 0.8873641387620809], [0.8839252423564504, 0.8839590443686007], [0.8873076923076924, 0.8873536361249671], [0.887213045912654, 0.8872853039759374], [0.8992819168305295, 0.8993141798421799], [0.8838494543419457, 0.8839103376900873], [0.895816756871763, 0.895868333335472], [0.8890781752791974, 0.8890814054223768], [0.8873392058165548, 0.8873720136518771]]}}